EmployeeNumber,EmployeeFirstName,EmployeeMiddleName,EmployeeLastName,EmployeeGovernmentID,DateOfBirth,Department
123,Jane,,Zwilling,AB123456G,1/1/1985,Customer Relations
124,Carolyn,Andrea,Zimmerman,AB234578H,6/1/1975,HR
125,Jane,,Zabokritski,AP791247B,5/18/1973,Litigation
126,Ken,J,Yukish,DZ107448V,7/16/1972,Commercial
127,Terri,Lee,Yu,AL135176B,2/27/1988,Customer Relations
128,Roberto,,Young,YA493404Y,6/5/1967,Commercial
129,Rob,,Yalovsky,LJ981702U,4/9/1966,Customer Relations
130,Gail,A,Wu,JF295445P,12/16/1969,Commercial
131,Jossef,H,Wright,CR817445D,12/6/1979,Litigation
132,Dylan,A,Word,CI806204U,7/9/1977,Customer Relations
133,Diane,L,Wood,MV587569Q,8/16/1982,Litigation
134,Gigi,N,Wilson,CK641427U,10/10/1976,Customer Relations
135,Michael,,Williams,XJ797930A,11/13/1986,HR
136,Ovidiu,V,Welcker,MQ505322D,6/16/1973,Litigation
137,Thierry,B,Wedge,RL079608S,8/23/1966,Customer Relations
138,Janice,M,Watters,WY931474H,10/9/1976,HR
139,Michael,I,Wang,LD678923G,3/27/1967,Litigation
140,Sharon,B,Walton,VO023672L,10/27/1979,Customer Relations
141,David,M,Walters,RL289138F,12/6/1985,Commercial
142,Kevin,F,Vong,WB810532O,1/2/1973,HR
143,John,L,Varkey Chudukatil,QO154988D,1/4/1970,Customer Relations
144,Mary,A,Vargas,IH685404L,10/11/1985,Customer Relations
145,Wanida,M,Vanderhyde,FS966821N,1/5/1970,Commercial
146,Terry,J,Vande Velde,JI914003C,7/18/1980,Litigation
147,Sariya,E,Valdez,KW403698R,7/30/1969,Commercial
148,Mary,E,Valdez,PV745220N,5/2/1970,Customer Relations
149,Jill,A,Uddin,AM802265X,1/17/1992,Customer Relations
150,James,R,Turner,GN083716G,8/2/1988,Commercial
151,Peter,J,Tsoflias,LV261140N,11/7/1973,HR
152,Jo,A,Trenary,RG046608X,6/27/1992,Litigation
153,Guy,R,Tomic,PB981399I,12/17/1975,Commercial
154,Mark,K,Ting,BD381232V,1/7/1972,Commercial
155,Britta,L,Tiedt,FI504651F,10/5/1966,Commercial
156,Margie,W,Tibbott,EN705984N,8/26/1986,Commercial
157,Rebecca,A,Tejani,HG352692F,12/8/1991,HR
158,Annik,O,Tamburello,RC113533E,5/14/1992,Litigation
159,Suchitra,O,Sunkammurali,YI782407W,7/8/1978,Customer Relations
160,Brandon,G,Sullivan,YZ931790W,12/11/1990,Litigation
161,Jose,R,Su,ZC558658S,4/3/1971,HR
162,Chris,O,Steele,SV658095H,10/13/1982,Customer Relations
163,Kim,B,Stahl,HZ053184T,11/8/1980,HR
164,Ed,R,Stadick,WJ684544S,11/10/1977,Customer Relations
165,JoLynn,M,Spoon,TK243804Z,6/26/1979,Customer Relations
166,Bryan,,Sousa,RE702221O,11/17/1989,Litigation
167,James,D,Song,HH308914D,6/22/1974,HR
168,Nancy,A,Smith,CO579655E,6/9/1994,Commercial
169,Simon,D,Smith,CW040668D,12/27/1969,Litigation
170,Thomas,R,Smith,RQ848316B,4/4/1978,HR
171,Eugene,O,Smith,ZF748478D,8/25/1971,Customer Relations
172,Andrew,R,Smith,QW152970I,6/21/1972,Litigation
173,Ruth,Ann,Smith,JD310627G,4/21/1990,HR
174,Barry,K,Singh,SG157278T,2/7/1983,HR
175,Sidney,M,Simon,NQ282716Z,6/1/1983,Litigation
176,Jeffrey,L,Shoop,RP337065L,4/2/1990,Customer Relations
177,Doris,M,Sheperdigian,XR684199U,12/15/1977,Commercial
178,Diane,R,Sharma,ME480784J,2/14/1981,Litigation
179,Bonnie,N,Shabalin,FD403031I,1/30/1986,Commercial
180,Taylor,R,Selikoff,TV597388Q,3/22/1989,Litigation
181,Denise,H,Seamans,DR857293D,1/7/1978,Commercial
182,Frank,T,Scardelis,RJ225665N,4/2/1969,Commercial
183,Kendall,C,Saraiva,GC927886I,9/6/1969,Commercial
184,Bob,N,Sandberg,UW947345C,12/29/1992,Litigation
185,Pete,C,Sánchez,JI031583B,12/18/1973,Commercial
186,Diane,H,Samarawickrama,KJ951084U,8/10/1993,Litigation
187,John,T,Samant,QG111489E,2/2/1994,Litigation
188,Maciej,W,Sam,YE273193K,6/21/1968,Customer Relations
189,Michael,J,Salmre,YB938453H,1/15/1985,Commercial
190,Randy,T,Salavaria,KS330886U,12/16/1988,HR
191,Karan,R,Sacksteder,FV395073J,8/20/1989,Customer Relations
192,Jay,G,Ruth,UW031387Z,7/5/1986,Litigation
193,Charles,B,Rounthwaite,LW796371U,12/14/1989,Customer Relations
194,Steve,F,Rothkugel,DF821661R,6/29/1983,Customer Relations
195,David,J,Rodman,KZ640185G,6/19/1986,Commercial
196,Michael,Sean,Rodgers,XH264442V,6/15/1979,HR
197,Steven,T,Rockne,DX984425X,3/25/1982,Litigation
198,Carole,M,Robinson,QU410216B,9/3/1990,Litigation
199,Bjorn,M,Robinson,IR187190I,9/8/1966,Customer Relations
200,Michiko,F,Robinett,ZE928414P,3/10/1992,Litigation
201,Carol,M,Roberts,UX444666E,1/30/1966,Customer Relations
202,Merav,A,Rizzi,VQ826376Y,3/11/1976,Litigation
203,Reuben,H,Richter,JT327596O,3/21/1973,Customer Relations
204,Eric,L,Richmeier,IR597373C,6/18/1979,Customer Relations
205,Sandeep,P,Richins,NX926401O,9/1/1978,HR
206,Mihail,U,Richins,JF298723R,2/26/1973,Litigation
207,Jack,T,Richards,MB604817X,12/2/1967,HR
208,Patrick,M,Richards,AM887023Q,12/20/1973,Litigation
209,Frank,R,Rhodes,KS665121V,4/11/1984,HR
210,Brian,Richard,Rhodes,YC610448M,1/19/1991,HR
211,Ryan,L,Reynolds,ML521363Y,10/6/1992,Litigation
212,Cristian,K,Rettig,IE333656G,7/20/1966,Litigation
213,Betsy,A,Remmington,PX252928W,12/23/1984,Commercial
214,Patrick,C,Remick,WQ045867V,9/26/1966,HR
215,Danielle,C,Reiter,SU111288Y,10/25/1966,Customer Relations
216,Kimberly,B,Reeves,SU724424C,11/21/1968,Customer Relations
217,Tom,M,Reeves,HL214936R,8/12/1969,Customer Relations
218,Kok-Ho,T,Reed,XJ909300S,6/6/1971,Customer Relations
219,Russell,,Reed,PT251481M,8/24/1973,Litigation
220,Jim,H,Reding,WW079719E,7/23/1993,Litigation
221,Elizabeth,I,Rector,MS731378I,2/1/1989,Customer Relations
222,Mandar,H,Reátegui Alayo,ZY008215W,10/19/1991,Litigation
223,Sameer,A,Reams,RP994451I,7/9/1993,Customer Relations
224,Nuan,,Ray,QI344065H,9/9/1983,Customer Relations
225,Lolan,B,Ray,AL204453T,8/12/1967,Commercial
226,Houman,N,Rapier,BN573473V,1/28/1981,HR
227,Zheng,W,Rapier,IW178192O,9/24/1970,Customer Relations
228,Ebru,N,Rao,VY841891V,6/7/1970,HR
229,Mary,R,Rao,MQ131703A,2/16/1972,Customer Relations
230,Kevin,M,Randall,HQ115214D,1/21/1988,Litigation
231,John,T,Randall,ZW809516W,11/30/1969,Customer Relations
232,Christopher,E,Randall,UR966404V,10/16/1972,Litigation
233,Jinghao,K,Ramos,GC915388P,10/13/1993,Commercial
234,Alice,O,Ralls,KI801966M,3/13/1990,Litigation
235,Jun,T,Ralls,FW896793Q,4/12/1988,Litigation
236,Suroor,R,Raheem,BB305340Z,4/28/1973,Commercial
237,John,P,Quintana,SY282751D,3/1/1993,Customer Relations
238,Linda,K,Quintana,HE879835N,2/18/1979,Litigation
239,Mindaugas,J,Purcell,PL336135J,6/21/1969,HR
240,Angela,W,Pugh,GM032295Q,3/19/1984,Customer Relations
241,Michael,W,Price,OU361148O,7/24/1977,Litigation
242,Chad,W,Preston,NE541077V,12/13/1980,Litigation
243,Don,L,Preston,AB235805S,10/19/1968,Litigation
244,Michael,T,Pournasseh,ZN967650I,5/29/1985,Litigation
245,Kitti,H,Potts,ES912577W,2/25/1975,Customer Relations
246,Pilar,G,Posner,CM594381E,12/4/1965,Litigation
247,Susan,W,Porter,DL919269L,4/21/1971,Commercial
248,Vamsi,N,Porter,MA554695T,1/22/1974,Commercial
249,Kim,T,Poorbaugh,SR604418E,2/25/1986,Commercial
250,Matthias,T,Pompa,JL622712O,6/27/1993,Commercial
251,Jimmy,T,Pollock,OW823509P,12/31/1990,Litigation
252,David,P,Poland,GS637030E,4/1/1968,HR
253,Paul,B,Poland,TZ267123G,8/14/1984,Litigation
254,Gary,W,Pogulsky,VQ759884X,2/29/1988,Litigation
255,Rob,T,Poe,EF270858K,6/1/1967,Litigation
256,Baris,F,Poe,HD499993P,9/28/1979,HR
257,Nicole,B,Pinto,PN429017J,7/7/1994,Commercial
258,Michael,L,Pinkston,FN364485F,5/30/1971,Litigation
259,Eric,,Philips,DV960027B,10/16/1972,Litigation
260,Ivo,William,Philips,CY115597X,3/10/1993,HR
261,Sylvester,A,Pettengill,VJ264170U,10/3/1969,Litigation
262,Anibal,T,Peterson,ZN477490W,9/3/1968,HR
263,Samantha,H,Peters,MO331452V,3/20/1981,Commercial
264,Hung-Fu,T,Petculescu,WR303745M,9/21/1971,Litigation
265,Prasanna,E,Perko,EX269553Y,6/30/1994,Litigation
266,Min,G,Perera,XF775312U,4/25/1977,HR
267,Olinda,C,Peoples,ZR050894J,2/6/1982,HR
268,Krishna,,Peoples,DL708804I,6/9/1979,Customer Relations
269,Paul,R,Penuchot,SC805085L,11/19/1987,HR
270,Cynthia,S,Penuchot,BM577772M,6/14/1966,Customer Relations
271,Jian Shuo,,Penor,IO132870D,10/26/1978,Customer Relations
272,Sandra,,Pellow,YH733983X,7/9/1973,Litigation
273,Jason,M,Pellow,AM172895X,7/7/1991,Customer Relations
274,Andy,M,Pederson,JK236786S,6/16/1974,Litigation
275,Michael,T,Patten,OH121105N,12/15/1977,Customer Relations
276,Rostislav,E,Patten,IW967437M,10/23/1976,Commercial
277,Yuhong,L,Pather,ZI486399U,7/14/1976,Commercial
278,Hanying,P,Patel,AG570065B,8/22/1993,Customer Relations
279,Raymond,K,Patel,LS283525R,9/15/1980,Litigation
280,Fadi,K,Park,MX128026F,7/7/1983,HR
281,Lane,M,Pak,UU620924A,1/23/1984,Customer Relations
282,Linda,A,Pai,TY084158K,8/10/1984,Commercial
283,Shelley,N,Oviatt,OG587634Y,5/5/1975,Commercial
284,Terrence,W,Oveson,RM761351F,12/13/1992,Commercial
285,Jeff,V,Osorio,ET450462A,7/1/1979,HR
286,Kirk,J,Osborn,JW303610N,2/11/1992,Litigation
287,Laura,C,Osada,FR116642A,4/1/1970,HR
288,Alex,M,Osada,NF498355D,3/22/1993,Customer Relations
289,Andrew,M,Ortiz,EF671886M,7/22/1977,Litigation
290,Chris,T,Ortiz,BF246861F,2/18/1970,Customer Relations
291,Jack,S,Ortiz,KO643767Q,8/27/1969,Litigation
292,David,N,Ortiz,IX411973Y,12/13/1991,Commercial
293,Garrett,R,Orona,XV306737Q,11/23/1977,Commercial
294,Susan,A,Orman,IQ420619X,9/27/1966,Customer Relations
295,George,Z,Olivotto,CB892399S,6/30/1989,HR
296,David,A,Olguin,AD392850V,5/16/1972,Commercial
297,Marc,J,Okelberry,BC350430L,1/14/1978,Commercial
298,Eugene,R,O'Hara,OW515381E,6/11/1994,Litigation
299,Benjamin,R,Ogisu,XI036539Q,12/16/1985,HR
300,Reed,T,O'Dell,NB277521M,2/21/1984,Customer Relations
301,David,Oliver,O'Connell,HK440033E,6/18/1974,Commercial
302,Russell,M,O'Brien,VI092727Z,8/18/1978,HR
303,John,N,Nusbaum,CZ285319T,12/15/1980,Commercial
304,Jan,S,Northup,AX100042K,12/6/1967,HR
305,Katie,L,Northup,AX809318L,4/5/1977,Commercial
306,Michael,T,Norred,RU353727C,12/5/1980,Customer Relations
307,Nitin,S,Norman,CQ142269Y,12/1/1980,HR
308,Barbara,S,Norman,BE272444G,2/13/1972,Customer Relations
309,John,Y,Nixon,TL903511O,9/13/1979,Litigation
310,Stefen,A,Niswonger,DB720709S,11/10/1970,Litigation
311,Shane,S,Nilson,ZX416454S,6/5/1984,HR
312,Yvonne,S,Newman,WC695078H,6/22/1972,HR
313,Douglas,B,Netz,MP208868C,10/27/1975,Litigation
314,Janeth,M,Netz,VQ450939H,6/16/1987,Commercial
315,Robert,J,Nelson,XS184309B,6/16/1969,Customer Relations
316,Lionel,C,Nelsen,XG439457H,4/11/1976,Commercial
317,Brenda,M,Nayberg,TF136256N,8/20/1976,Customer Relations
318,Alejandro,E,Nayberg,HC466907N,4/8/1973,HR
319,Fred,T,Nay,TH564292Z,3/14/1967,HR
320,Kevin,H,Nay,QP334163L,3/14/1978,Litigation
321,Shammi,G,Nash,XV872374N,3/28/1976,Commercial
322,Rajesh,M,Nartker,KZ283677H,11/13/1972,Litigation
323,Lorraine,O,Naik,OZ221167V,12/27/1985,Commercial
324,Paula,R,Myer,TP086394G,3/24/1981,HR
325,Frank,T,Myer,WG797468B,5/30/1988,HR
326,Brian,T,Myer,VI763425O,3/30/1993,Commercial
327,Tawana,G,Murray,JS892929I,9/14/1969,HR
328,Ken,L,Munson,JO025478T,12/28/1987,Litigation
329,Gabe,B,Munson,AH149753A,8/10/1993,Customer Relations
330,Lori,A,Mungin,XP177579C,3/5/1994,Customer Relations
331,Stuart,V,Mughal,EE789749Y,5/1/1972,Customer Relations
332,Greg,F,Mu,FT364369D,8/5/1982,Customer Relations
333,Scott,R,Mu,UD005897V,9/2/1979,HR
334,Kathie,E,Moya,HO781318S,12/26/1970,Customer Relations
335,Belinda,M,Moseley,JR426586E,6/16/1966,HR
336,Hazem,E,Moschell,IE341765R,12/10/1979,Customer Relations
337,Peng,J,Morris,VQ335623I,6/17/1974,Litigation
338,Sootha,T,Moreland,MG025281B,10/23/1972,Customer Relations
339,Andreas,T,Moreland,IR099843G,12/16/1987,Litigation
340,Mark,L,Moore,CF528265Q,10/16/1970,HR
341,Sean,P,Montera,XO713316E,11/20/1972,Litigation
342,Zainal,T,Monroe,YA215139V,1/4/1980,Commercial
343,Tengiz,N,Monitor,RD658682U,4/9/1987,HR
344,Sean,N,Mohan,OO095278P,7/10/1989,HR
345,Karen,R,Mohan,ME184769K,5/28/1977,Litigation
346,Chris,K,Mohamed,OP963982G,6/16/1973,Commercial
347,A. Scott,,Mohamed,NB295868Q,6/10/1993,Commercial
348,Sairaj,L,Moeller,UI522814D,11/14/1987,Customer Relations
349,William,S,Moberly,YL302469P,10/26/1979,Commercial
350,Alan,J,Mitzner,TE264855B,12/16/1967,Customer Relations
351,Brian,P,Mitosinka,NQ236978R,3/6/1975,Litigation
352,Gary,E.,Mitchell,OE104118D,5/16/1993,Commercial
353,Christian,E,Mitchell,AD096969F,1/27/1969,HR
354,Lori,K,Mitchell,BH103054K,2/28/1969,Customer Relations
355,Stuart,J,Mitchell,NC388916B,10/3/1984,Commercial
356,Jo,L,Mirchandani,XC220901R,1/2/1966,Litigation
357,Pat,H,Miller,IG710510R,4/29/1988,Commercial
358,Magnus,E,Miller,OV195196Z,10/9/1985,Customer Relations
359,Laura,F,Miller,QX098240Z,1/27/1969,Litigation
360,Paula,M,Miller,HT457222Q,10/15/1975,Commercial
361,Grant,N,Miller,KU775847G,10/6/1975,Litigation
362,Hao,O,Miller,OE306913Y,10/29/1972,HR
363,Vidur,X,Miller,BW092769D,5/16/1971,Commercial
364,Mindy,C,Miller,EN633610S,8/24/1971,Litigation
365,Willis,T,Miller,UT153301T,4/13/1993,Litigation
366,David,J,Miksovsky,LV001879M,10/7/1977,Customer Relations
367,Deborah,E,Miksovsky,OK195454O,2/23/1986,Customer Relations
368,Candy,L,Michaels,MU563811R,8/3/1993,Litigation
369,Bryan,A,Michaels,OG319849L,12/18/1983,Litigation
370,Barbara,C,Meyyappan,VM098888K,2/20/1986,Litigation
371,Dragan,K,Meyyappan,KC659256F,10/9/1971,Litigation
372,Janet,L,Meyerhoff,NF723462T,12/10/1991,Customer Relations
373,Mike,K,Meyer,CA672162M,9/17/1978,Litigation
374,Wendy,Beth,Meyer,RG321020S,7/22/1994,HR
375,Sheela,H,Meyer,BZ598297R,1/30/1994,HR
376,Mikael,Q,Mew,JV494261Z,10/23/1990,Litigation
377,Arvind,B,Metters,KP489904S,2/20/1992,Customer Relations
378,Linda,P,Metters,IY247644C,12/30/1987,Commercial
379,Fukiko,J,Meston,BZ623127I,8/23/1971,Customer Relations
380,Gordon,L,Mensa-Annan,MA637718R,8/17/1982,Litigation
381,Frank,S,Mendoza,BY532058W,1/12/1990,Commercial
382,Eric,S,Mendiola,OX130855I,3/25/1992,Commercial
383,Erin,M,Mello,MB578153L,5/20/1970,Commercial
384,Ben,T,Meisner,EU551183X,8/31/1984,HR
385,Annette,L,Medina,RS083692I,4/29/1993,Litigation
386,Reinout,N,McPhearson,MM814631H,2/14/1987,Customer Relations
387,David,M,McLin,US558725J,1/11/1980,Commercial
388,Jean,E,McKay,QX795270A,12/19/1983,Commercial
389,Stephanie,A,McKay,HS420333T,12/17/1982,HR
390,Ashvini,R,McGuigan,EM143804T,9/17/1989,Commercial
391,Peter,I,McGuel,TA561554K,9/29/1968,Litigation
392,Karen,A,McGuel,QO931349M,6/14/1993,Commercial
393,Ramesh,V,McDonald,AN765407P,8/2/1983,Commercial
394,Dan,K,McCoy,PK409529S,9/11/1984,Litigation
395,François,P,McCormick,LG536568F,6/11/1967,HR
396,Dan,B,McClane,OT514635Q,7/27/1987,Commercial
397,Janaina,Barreiro Gambaro,McCarty,DF342349E,10/2/1972,Commercial
398,Brian,S,McCarthy,YG045282K,5/3/1993,HR
399,Stephen,Y,McAskill-White,NQ266718E,1/19/1978,HR
400,Michael,G,McAskill-White,FX692267J,3/30/1967,Customer Relations
401,Linda,C,McArthur,RT998349H,4/23/1967,HR
402,Jillian,,Mcanich,IL928582U,8/15/1984,Customer Relations
403,Garrett,R,Mays,HI053683E,12/1/1985,Commercial
404,Tsvi,Michael,Maynard,SP757722E,3/18/1994,Customer Relations
405,Pamela,O,Maxwell,NN436880U,12/22/1982,Customer Relations
406,Shu,K,Maxwell,WG915302M,10/26/1978,HR
407,José,Edvaldo,Maxham,CR626961D,9/27/1974,Commercial
408,David,R,Matthews,CA861989I,7/15/1977,HR
409,Tete,A,Matthew,ZW205708X,12/12/1978,HR
410,Syed,E,Masters,GQ887908Z,5/1/1972,Customer Relations
411,Lynn,N,Masters,HC586886A,11/4/1989,HR
412,Amy,E,Martinez,FV148285J,2/16/1974,Commercial
413,Rachel,B,Martinez,EB379364V,2/17/1993,Commercial
414,Jae,B,Martin,NJ638524T,5/13/1974,HR
415,Ranjit,R,Martin,PY638510A,9/13/1987,Litigation
416,Gustavo,,Martin,LE657049A,3/21/1982,HR
417,Catherine,R.,Martin,NY793722C,12/5/1975,HR
418,Kim,,Martin,RJ095674J,4/12/1992,HR
419,Humberto,,Mart¡nez,KE480174L,2/23/1990,Commercial
420,Pilar,,Marshall,AH973631K,5/1/1980,Commercial
421,Frances,B.,Marple,RH012024F,11/1/1970,Litigation
422,Margaret,J.,Markwood,TO761909K,4/10/1967,Customer Relations
423,Carla,J.,Margheim,YN538623W,12/27/1987,Customer Relations
424,Jay,,Mares,CZ323826M,7/27/1979,Customer Relations
425,Ronald,L.,Marcovecchio,PK772673L,8/24/1984,HR
426,Samuel,N.,Manzanares,WB819435N,1/3/1994,HR
427,James,T.,Manek,KI617118Z,5/9/1966,Customer Relations
428,Robert,E.,Manchepalli,FI705161A,9/2/1992,Litigation
429,François,,Malmendier,AQ131494O,8/20/1980,HR
430,Kim,,Male,LC459502C,12/16/1971,HR
431,Lili,J.,Magenheimer,UB951816A,12/22/1967,HR
432,Amy,E.,Macrae,EC147247F,9/16/1992,Commercial
433,Anna,A.,MacDonald,CC590611L,3/23/1991,HR
434,Milton,J.,Maccietto,MH637967M,2/5/1968,Commercial
435,Paul,L.,Lysaker,NE696985N,8/16/1979,Customer Relations
436,Gregory,F.,Lyon,NR898946N,12/11/1966,Customer Relations
437,J. Phillip,L.,Lynn,NL078540U,8/21/1977,Commercial
438,Michelle,,Lyeba,TS846932J,7/25/1975,Customer Relations
439,Sean,P.,Luthra,LX856478C,1/23/1967,Commercial
440,Phyllis,A.,Lutes,VH619711Z,3/9/1982,Customer Relations
441,Marvin,N.,Lunt,IN674727P,1/11/1983,Customer Relations
442,Michael,,Lundahl,LD662489Y,1/10/1975,Commercial
443,Cecil,J.,Lum,LJ507613Y,6/5/1969,Commercial
444,Oscar,L.,Lugo,YO636564G,2/21/1970,Litigation
445,Sandra,J.,Lugo,OS518276R,8/13/1968,HR
446,Selena,R.,Lucerne,UF703877T,5/29/1967,Litigation
447,Emilio,R.,Low,MC098719T,2/9/1983,Commercial
448,Maxwell,J.,Los,NJ307604V,7/2/1979,Litigation
449,Mae,N.,Looney,MT489495A,8/7/1987,HR
450,Ramona,J.,Long,TT388555J,1/13/1978,Customer Relations
451,Sabria,B.,Loh,SK675578R,9/21/1976,Commercial
452,Hannah,R.,Loh,MI808670I,2/10/1989,HR
453,Kyley,J.,Logan,DP124526M,8/18/1966,Commercial
454,Tom,H,Lloyd,CJ772045F,7/8/1989,Litigation
455,Thomas,B.,Liu,QO196974T,1/25/1967,HR
456,John,,Liu,EO345530S,3/2/1969,Commercial
457,Chris,,Liu,TR317101T,11/30/1986,Customer Relations
458,Teresa,,Liu,VC676849Z,9/16/1969,Litigation
459,John,P.,Liu,NQ063975E,9/29/1974,Litigation
460,Robert,A.,Liu,FC072558N,1/22/1993,HR
461,Stephen,M.,Liu,GZ901112R,7/2/1981,Litigation
462,Phillip,M.,Lisboa,DT436296X,10/21/1983,Litigation
463,Daniel,,Lique,KH896975P,10/10/1982,Litigation
464,Cory,K.,Li,AK761767X,9/17/1983,Commercial
465,James,B.,Li,GN752104A,1/10/1989,Commercial
466,Douglas,A.,Li,PR004016X,12/29/1977,Litigation
467,Jennifer,B.,Li,PD311017T,5/5/1970,HR
468,Alberto,F.,Li,EO294854X,2/24/1974,Commercial
469,Wayne,N.,Li,CH327461T,1/7/1992,Litigation
470,Darrell,M.,Lewin,LM569285K,2/3/1971,HR
471,Angela,,Lew,BE261126N,12/12/1977,Litigation
472,David,,Levy,FQ969656S,3/13/1989,Customer Relations
473,Robert,L.,Leste,YT950353C,6/30/1991,Litigation
474,Rebecca,R.,Lesko,RK327843M,12/28/1978,Customer Relations
475,Brenda,L.,Lertpiriyasuwat,YM329012E,11/29/1993,Litigation
476,Josh,,Lepro,JJ763410Z,12/23/1986,HR
477,Adam,,Leonetti,JO584630S,10/31/1965,Litigation
478,Norma,N.,Lengel,XI484254B,1/23/1970,Litigation
479,Gytis,M,Lenehan,YQ280842N,8/30/1984,HR
480,David,M.,Lee,NP249798H,11/6/1990,HR
481,Karel,E.,Lee,UH615336C,5/17/1981,HR
482,Ciro,J.,Lee,FA224378G,4/5/1976,Litigation
483,Glenna,L.,Lee,OL738237H,6/21/1981,Customer Relations
484,Shaun,,Lee,UY460589M,10/12/1987,HR
485,John,A.,Lee,HO464614U,1/21/1989,Commercial
486,Christopher,R.,Leavitt,PN336893F,1/6/1979,Customer Relations
487,Bradley,,Lawrence,WP814916O,10/27/1991,Customer Relations
488,Benjamin,J.,Lawrence,AP038188P,7/10/1979,Commercial
489,Ann,,Laursen,XM041268G,11/7/1982,Customer Relations
490,Shane,J.,Laszlo,SK840813R,3/14/1983,Litigation
491,Stanley,A.,Laszlo,OA642432C,2/4/1980,HR
492,Mason,,Lang,AD453145P,4/28/1971,Litigation
493,John,M.,LaMee,PY449288E,11/9/1974,HR
494,Ido,,Kurtz,WQ673813W,1/27/1990,Commercial
495,Edna,J.,Kurniawan,CB355747J,3/21/1990,Customer Relations
496,Payton,P.,Kurjan,RL241334F,5/23/1994,Litigation
497,Max,,Kuppa,NS810954D,9/19/1966,HR
498,Scot,A.,Kuppa,KK622926V,11/6/1987,Commercial
499,Richard,M.,Kung,EF951062V,12/20/1987,Commercial
500,Marian,M.,Kumar,NS657893K,8/18/1986,Commercial
501,Karen,,Krupka,JW164705E,3/28/1969,HR
502,Alexander,J.,Krow,QL771323P,9/18/1980,Customer Relations
503,John,M.,Krebs,AL838464G,3/8/1984,HR
504,Kris,R.,Krapauskas,AZ244328I,3/10/1989,Commercial
505,Andreas,,Krane,EW931616P,12/29/1992,HR
506,Robert,M.,Krane,BH923363N,9/24/1981,Litigation
507,Matthias,,Krane,XA047249X,7/29/1992,HR
508,John,,Kramer,SS665588B,12/20/1983,HR
509,Steven,B.,Kramer,EG786204K,4/26/1982,Litigation
510,Chris,N.,Kozlowski,JW849375J,3/8/1984,Customer Relations
511,Mary,B.,Kotc,VV394167D,12/19/1985,Commercial
512,Jimmy,,Koski,RM439829W,3/1/1973,HR
513,Mary,,Konersmann,IF501313U,4/19/1986,Commercial
514,Mae,M.,Komosinski,AP601550K,3/7/1975,Commercial
515,Jackie,E.,Kogan,KN229596C,2/22/1970,HR
516,Donald,L.,Kogan,IW663426C,12/19/1978,Litigation
517,Linda,E.,Koenigsbauer,EO498149W,8/15/1967,Litigation
518,Michael,Greg,Koch,OO887062J,11/13/1979,Litigation
519,Gabriel,L.,Koch,JC993060M,5/17/1983,Litigation
520,Michael,L.,Kobylinski,KU347497G,2/20/1987,Customer Relations
521,Corinna,,Kleinerman,XF305202I,9/25/1977,HR
522,Luis,,Kleinerman,GJ664838C,5/31/1966,Litigation
523,Randall,,Kitt,DZ698253K,9/7/1988,Litigation
524,Stephanie,,Kirilov,BZ552692Z,4/20/1988,Litigation
525,Eli,,King,GB266018T,5/4/1984,HR
526,Lester,J.,King,QZ577382K,1/31/1978,Litigation
527,David,M.,King,WZ121665C,9/26/1966,Commercial
528,Cornelius,L.,Kim,SS617572D,2/27/1990,Customer Relations
529,Richard,,Kim,CJ293123E,6/9/1993,Customer Relations
530,Sara,N.,Kim,TH387054W,7/4/1982,Commercial
531,Ted,,Kim,CU014138B,6/27/1973,Customer Relations
532,Alan,,Kim,WA291184B,12/22/1984,HR
533,Walter,J.,Kharatishvili,RZ087464X,8/21/1990,Commercial
534,Christopher,M.,Khanna,KX676859Q,4/23/1966,Commercial
535,Carol,J.,Khanna,ZO156025I,5/8/1974,Customer Relations
536,David,J.,Khan,CL971918B,12/18/1978,Customer Relations
537,John,R.,Khan,GI028567P,7/11/1967,Commercial
538,Willie,P.,Keyser,IK416008Q,2/25/1983,Commercial
539,Carolee,J.,Keyser,BR148687P,3/13/1980,Commercial
540,Jo,,Kesterson,RJ553964V,7/13/1984,Litigation
541,Robert,,Kesslep,XO446157W,7/13/1983,Commercial
542,Kevin,F.,Kennedy,HJ893685X,10/7/1973,HR
543,Mary,K.,Kennedy,YU505263D,7/12/1985,HR
544,Dave,P.,Kennedy,TD955309F,5/8/1975,Customer Relations
545,Bridget,E.,Kelly,SL137837D,5/22/1987,Customer Relations
546,Eric,J.,Kelly,GW670458T,1/8/1967,Litigation
547,Dick,R.,Kelley,LE230410I,9/3/1977,Litigation
548,Michael,,Keil,WU705086J,8/29/1989,Litigation
549,Shirley,R.,Keil,JF740481P,1/17/1990,Customer Relations
550,June,B.,Kearney,LP833182K,10/27/1978,Litigation
551,Dirk,J.,Kearney,UJ680629S,1/18/1990,Customer Relations
552,Nancy,,Katyal,SU570300K,2/19/1991,Commercial
553,Janaina Barreiro Gambaro,,Kane,HS614741D,7/7/1986,Customer Relations
554,Edward,T.,Kane,VY719961K,4/28/1979,Commercial
555,Megan,E.,Kane,NC902800N,2/17/1990,Commercial
556,Ingrid,K.,Kane,QD685132U,2/7/1977,Litigation
557,Karren,K.,Kaliyath,ZV124333L,7/11/1993,Customer Relations
558,Ovidiu,,Kaliyath,IS684760R,5/7/1984,Customer Relations
559,Dana,H.,Kahn,NV381086V,3/22/1969,Commercial
560,Timothy,B.,Kahn,ZF000420N,3/7/1986,Litigation
561,Stephen,R.,Kaffer,UJ283630C,2/23/1976,Customer Relations
562,Deanna,R.,Justice,QP401732W,9/3/1978,Litigation
563,Jared,L.,Jordan,QK992864O,9/1/1979,Commercial
564,Richard,A.,Jones,IL747773G,9/26/1979,Customer Relations
565,David,J.,Jones,SS492824U,4/27/1984,Customer Relations
566,Ryan,,Johnston,FF212960J,12/11/1985,Commercial
567,Sylvia,A.,Johnston,SB059164X,4/25/1984,Commercial
568,Mari,B.,Johnson,HZ191255S,2/11/1990,Customer Relations
569,Barbara,J.,Johnson,OV632982N,1/31/1980,Commercial
570,Lindsey,R.,Johnson,QV170251W,9/29/1977,Customer Relations
571,Gustavo,,Johnson,OL390504U,5/22/1992,Commercial
572,DeeDee,J.,Johnson,XY841477T,12/8/1972,Commercial
573,Deborah,M.,Johnson,KO351720Q,2/6/1974,Customer Relations
574,Joan,M.,Johnson,OZ839482E,11/21/1990,HR
575,David,,Johnson,LX622988L,6/4/1981,Customer Relations
576,Henry,L.,Johnson,QW104780V,8/17/1982,Customer Relations
577,Chris,,Johnson,JD286887M,7/27/1972,HR
578,Joseph,J.,Johns,TG147361J,1/27/1971,HR
579,Suzana De Abreu,A.,Jiang,NR728754M,12/19/1985,Customer Relations
580,Jun,,Jiang,HQ766885V,7/9/1969,HR
581,Johnny,A.,Jiang,XZ783045A,8/24/1970,Commercial
582,Richard,,Jarvis,HP895510N,11/2/1989,Customer Relations
583,Carlton,M.,Jamison,LP616771S,9/29/1971,Commercial
584,Ty Loren,,Jaffe,OG507746H,11/8/1988,Commercial
585,Jane,N.,Jacobson,ZS245095P,7/6/1976,Customer Relations
586,Jovita,A.,Jacobson,QW445089F,11/5/1989,Litigation
587,Steve,J.,Jacobsen,JU015379U,5/10/1976,Litigation
588,Fernando,,Jacobs,UM631129M,9/26/1978,HR
589,Rob,,Iyer,PC908514M,11/18/1970,HR
590,Andy,,Ito,SU007533P,11/4/1983,Litigation
591,Donna,F.,Ison,VR061356X,1/23/1967,Commercial
592,Rosmarie,J.,Ismert,ZR230983Y,12/22/1984,Litigation
593,Matthew,,Irwin,HL888565G,9/6/1979,Commercial
594,Joseph,N.,Ingle,ID520750L,7/12/1978,Commercial
595,Pamela,A.,Inghram,QC296649Y,9/13/1989,HR
596,Raul,E.,Ihrig,MB464800D,6/26/1971,Litigation
597,Elizabeth,E.,Iallo,MX994903S,2/5/1990,Litigation
598,Matthew,J.,Hurkett,KC763296F,12/4/1969,Customer Relations
599,Brigid,F.,Huntsman,ZB423119M,6/13/1986,HR
600,Andrew,,Hunter,CW696079S,8/3/1977,Customer Relations
601,Stacey,M.,Hunter,OQ093918V,7/30/1990,Commercial
602,Baris,,Huff,MC349433Z,5/19/1989,Litigation
603,Sean,,Huff,QT525237I,8/18/1970,Customer Relations
604,Pat,A.,Huckaby,LK707346K,11/22/1990,HR
605,Forrest,J.,Hows,VA428115T,6/2/1976,HR
606,Lee,J.,Howard,BS086722Y,11/15/1979,Litigation
607,Greg,,Howard,FC015825R,2/14/1966,Commercial
608,Neil,,Houston,UR071565X,9/12/1969,HR
609,Hao,,Homer,CQ368416K,6/9/1973,HR
610,John,Y.,Holt,QP727521W,2/25/1988,Commercial
611,Pei,,Holmes,YT759770M,12/16/1986,Commercial
612,Yao-Qiang,,Holman,SO768480Y,6/5/1979,Commercial
613,Nicky,E.,Holm,ZE051851C,11/19/1988,Commercial
614,Susan,B.,Holloway,ZC472003X,2/11/1983,Litigation
615,Martin,,Holliday,GW221073T,9/25/1988,Customer Relations
616,Mike,M.,Hohman,ET524505A,8/29/1993,Customer Relations
617,Ruth,A.,Hoffman,HI235366Z,5/28/1990,Customer Relations
618,Anthony,,Hoeing,ZO685462X,1/7/1968,Litigation
619,Charles,M.,Hodgson,YR493134D,3/5/1971,Commercial
620,Jill,J.,Hodges,BK139304O,3/29/1970,Customer Relations
621,Alice,,Hite,YK313417T,9/9/1977,Customer Relations
622,Gina,N.,Hite,VY824744V,5/5/1982,Litigation
623,James,J.,Hirsch,LV972034V,4/11/1976,Customer Relations
624,Jane,,Hirota,ED167908H,3/19/1994,HR
625,Kristine,J.,Hink,OD330636O,10/3/1976,Customer Relations
626,Teanna,M.,Hines,FT905736C,5/23/1990,Litigation
627,Connie,L.,Hines,TH460164P,7/7/1986,HR
628,Jeanette,R.,Hillmann,JM477103O,2/24/1985,HR
629,Eric,E.,Hillmann,AE481050M,2/16/1972,Customer Relations
630,Pat,,Hill,BJ198958B,12/22/1969,HR
631,Takiko,J.,Hill,JU984206W,12/6/1965,HR
632,John,L.,Hill,UO460238T,9/2/1980,Customer Relations
633,Scott,A.,Hill,DQ734424H,7/23/1972,Litigation
634,Aaron,,Hill,FE946297M,6/10/1969,Litigation
635,Peter,,Highfill,RM193115E,2/7/1985,Customer Relations
636,William,J.,Higgs,GH162390Y,3/18/1990,Customer Relations
637,Stephanie,,Higa,DM206882F,8/3/1971,HR
638,Amy,R.,Higa,KS390042H,7/29/1972,Commercial
639,Dorothy,J.,Heymsfield,BS057392K,9/29/1983,HR
640,Patrick,M.,Hesse,YN538404N,10/13/1984,HR
641,Scott,,Herring,BW471201X,12/20/1977,HR
642,Eva,,Herrick,AB303016L,12/12/1968,Customer Relations
643,Marlin,M.,Hernandez,FP446965D,6/4/1974,HR
644,Ryan,,Hernandez,EJ581495V,1/21/1977,HR
645,Bruno,,Herman,IJ049651N,10/18/1986,Commercial
646,Pamela,R.,Hensien,OV674544R,5/1/1983,HR
647,Jack,,Henshaw,NP315287W,10/13/1991,Litigation
648,Sharon,A.,Henningsen,FA785492M,9/21/1980,Litigation
649,Shelley,R.,Hendricks,ER743095K,12/8/1993,Litigation
650,Grant,,Hendergart,IQ463114P,9/5/1978,HR
651,Scott,,Heidepriem,KF116566E,3/9/1990,HR
652,Conor,,Hee,VL854183R,5/13/1979,Customer Relations
653,Jose,M.,Hedlund,QM496957A,12/17/1969,Customer Relations
654,Thierry,,Heaney,UG528515M,10/2/1978,Customer Relations
655,Ryan,,Hay,CC158355W,5/2/1984,Litigation
656,Mike,,Hay,ZX664363H,6/1/1988,Litigation
657,Megan,N.,Haugh,TZ701672J,11/21/1985,HR
658,Alvaro,,Hasty,MD496143S,6/23/1971,HR
659,Jose,,Hassall,YL049220H,9/30/1977,Customer Relations
660,Jacob,N.,Hass,YT194258R,9/25/1968,Litigation
661,Alexander,J.,Harui,FM153205E,2/27/1966,Customer Relations
662,Barbara,S.,Hartwig,ZX806066M,7/19/1988,HR
663,Kirk,,Hartwig,PD755163K,6/5/1993,HR
664,Aidan,,Harrison,QX903028S,10/28/1977,Litigation
665,Stefan,,Harris,CH461766Z,10/24/1987,Customer Relations
666,Shawn,R.,Harrington,LW176023R,2/25/1991,Commercial
667,Della,F.,Harrington,DB261919D,5/14/1977,HR
668,Bruno,,Harrington,UU829208Z,7/23/1986,Litigation
669,Helen,J.,Harnpadoungsataya,IW464711S,10/20/1976,Litigation
670,Prashanth,,Harding,CJ285770Y,8/6/1981,Customer Relations
671,Bev,L.,Hapke,GA706952M,9/23/1984,HR
672,Brenda,,Hanson,GW226339G,3/23/1986,HR
673,Gabriele,,Hanson,OX177963T,4/13/1977,Customer Relations
674,Holly,,Hanif,FK325274Q,4/27/1992,HR
675,Dick,,Handley,EQ841519H,2/27/1983,Litigation
676,Rudolph,J.,Hamilton,VT629645O,5/3/1982,HR
677,Andrew,,Hamilton,NE436613L,9/11/1969,Customer Relations
678,Blaine,,Hamilton,MB452331R,10/11/1987,Customer Relations
679,Cindy,M.,Hamilton,IR470351J,2/12/1970,Litigation
680,John,T.,Hall,LF689229K,11/15/1991,Commercial
681,Patricia,,Hall,PV038536K,2/8/1988,Customer Relations
682,Gerald,M.,Hall,RU773798Y,1/28/1983,Customer Relations
683,Gary,T.,Haines,VK462989S,12/18/1990,Litigation
684,Reuben,,Hagens,BA608645I,4/24/1968,HR
685,Ed,,Hagens,AY144679C,4/8/1987,HR
686,Bernard,,Hagemann,HP918816L,8/7/1985,Customer Relations
687,Tish,R.,Haemon,UI512556L,12/26/1968,Customer Relations
688,Adrian,,Gustafson,IV711872Q,3/3/1994,HR
689,Bart,,Gubbels,IO364907I,2/17/1976,Customer Relations
690,Maciej,,Groth,VO150838N,9/7/1989,Customer Relations
691,Shelley,,Groncki,EV270129S,10/1/1967,Commercial
692,Linda,R.,Grisso,OZ177690W,7/30/1982,HR
693,Carla,L.,Greer,QT655888E,3/11/1972,Commercial
694,Carol,B.,Grande,RN064977Z,7/17/1993,Litigation
695,Shannon,P.,Graham,LP636753U,8/24/1993,Commercial
696,Jauna,E.,Graham,SU063789F,6/13/1982,Commercial
697,Michael,,Graff,SV334533K,1/25/1989,HR
698,Terry,,Gonzalez,AG699315I,3/31/1988,Commercial
699,John,,Gonzales,TV032576E,4/24/1966,Litigation
700,Gail,,Gonzales,LV391599I,8/16/1993,Litigation
701,Mark,B,Goldstein,EQ062727X,12/5/1981,HR
702,Martha,R.,Goldstein,MD531143X,11/20/1966,Commercial
703,Julie,P.,Goldberg,VV597777O,12/28/1993,Litigation
704,Janeth,,Goldberg,GQ924359T,10/10/1977,HR
705,Twanna,R.,Goktepe,GP537308P,3/12/1990,Customer Relations
706,Ann,R.,Gode,NF502556X,4/30/1968,Customer Relations
707,John,,Gode,DU774159E,4/27/1972,Customer Relations
708,Marc,,Glynn,GB764954L,9/3/1971,HR
709,Fadi,,Glimp,PY299098S,8/11/1976,Customer Relations
710,Carolyn,,Glimp,JD823881R,2/1/1984,Customer Relations
711,Geri,P.,Glenn,JJ514299A,8/5/1980,Commercial
712,Hanying,,Givens,WS992599Q,9/2/1971,Litigation
713,Rhoda,J.,Gimmi,UY299259N,2/26/1985,HR
714,Duane,R.,Gilliat,PF888336I,10/24/1979,Litigation
715,James,,Gilbert,VB212186I,10/13/1979,Litigation
716,Kathie,,Gilbert,BF630189V,3/10/1993,Commercial
717,Jay,,Giglio,BQ920702X,1/12/1980,Litigation
718,Kelly,,Gibson,XN607437A,2/13/1983,HR
719,Jeffrey,L.,Gibbens,FZ912533V,1/25/1977,HR
720,Garth,,Giakoumakis,UE582739P,4/13/1988,Litigation
721,Dorothy,J.,Getzinger,NU352209H,4/21/1977,Litigation
722,Judith,B.,German,MT718167D,8/18/1983,HR
723,John,,Geist,QW436023W,2/10/1966,Commercial
724,Susan,E.,Gehring,VP326736F,9/7/1983,Litigation
725,Liam,J.,Gee,JD377663H,4/8/1967,Customer Relations
726,Mihail,,Gates,HC579896Y,9/3/1978,Customer Relations
727,John,,Gash,YD298475L,3/18/1987,Customer Relations
728,Paul,J.,Garza,MQ682865V,11/17/1983,Commercial
729,Don,,Ganio,PO756195E,3/5/1982,Customer Relations
730,Bob,,Galvin,HK627976P,4/9/1978,Litigation
731,Aldeen,J.,Galos,QN188569T,2/25/1991,HR
732,Michael,,Gallagher,KT313203A,11/27/1967,Commercial
733,Jon,,Gage,YF771747P,8/18/1986,HR
734,Kathleen,M.,Funk,QQ684947J,1/24/1970,Commercial
735,Dominic,P.,Fulton,WH739309G,12/18/1975,Commercial
736,Janet,M.,Frum,IO152695X,1/6/1975,Customer Relations
737,Orlando,N.,Frintu,XA583989K,7/3/1983,Litigation
738,Darren,,Frintu,BL790952X,3/15/1977,Customer Relations
739,Jim,,Friedland,MM367004T,1/29/1974,Litigation
740,Barbara,J.,French,FH778527M,4/8/1978,Commercial
741,Tom,,Fredericksen,ZL935832Z,6/16/1981,Commercial
742,Leo,,Frazier,SN656196C,5/31/1978,Commercial
743,Cornett,L.,Fox,QH490745N,6/11/1969,HR
744,Frances,J.,Fort,EF018459W,11/8/1968,HR
745,Guy,,Ford,BQ471548A,12/18/1972,Commercial
746,Janet,J.,Ford,HL496937J,10/20/1972,Customer Relations
747,Mary,M.,Ford,NJ762371Q,3/11/1994,Commercial
748,David,L.,Focht,JK619762M,5/10/1994,Litigation
749,Jeanie,R.,Fluegel,ZV029428F,3/3/1990,Commercial
750,Diane,R.,Flood,PJ232016O,7/9/1976,Commercial
751,James,R.,Flood,XC623625S,5/24/1981,HR
752,Scott,,Fitzgerald,AW089953V,9/28/1984,HR
753,Mete,,Fitzgerald,XT377368H,5/10/1986,Customer Relations
754,Jossef,,Finley,FO674551L,7/24/1989,Customer Relations
755,Brian,R,Fine,WE094801A,10/29/1975,HR
756,Lynn,A.,Ferrier,EM623284F,8/31/1974,HR
757,Linda,L.,Feng,GR072086G,5/7/1986,Customer Relations
758,Abigail,J.,Feng,WW274475N,9/22/1989,Commercial
759,Michael,,Fatima,PK394416H,9/11/1983,Customer Relations
760,Derek,,Farrell,EZ934645T,12/30/1987,HR
761,Lowell,J.,Farino,KP193453A,2/10/1987,Commercial
762,Jon,,Fakhouri,VG071599B,11/30/1973,Commercial
763,Jane,P.,Fakhouri,VL589832W,4/19/1967,HR
764,Geoff,,Faeber,DG038242G,6/16/1994,Commercial
765,Douglas,,Evans,KR627017M,12/31/1970,Litigation
766,Brian,,Evans,EK762860E,2/3/1971,Commercial
767,Faith,M.,Evans,LB757787G,11/15/1989,HR
768,Greg,,Evans,GU347730A,4/28/1973,HR
769,Hattie,J.,Esteves,ZS475436U,12/1/1990,Commercial
770,Matthew,M.,Esteves,LL274788L,11/18/1966,Commercial
771,Erin,M.,Estes,VM745705R,7/22/1974,Commercial
772,Betty,M.,Espinoza,DM150250G,1/15/1992,HR
773,Karen,E.,Ersan,WV571537X,4/30/1978,Commercial
774,Don,,Erickson,DP352792U,3/22/1980,Commercial
775,Bryan,,Erickson,JH071247H,1/31/1971,HR
776,Don,,Erickson,ND682289Q,2/12/1989,Customer Relations
777,Kerim,,Entin,PX835177A,7/13/1990,Customer Relations
778,Jean,P.,Emory,EQ584822T,11/18/1965,HR
779,Mark,,Eminhizer,ZR310408E,8/29/1975,Litigation
780,William,J.,Eminhizer,MT399545K,5/27/1971,Commercial
781,Katherine,,Emanuel,FQ955827Q,7/13/1979,HR
782,Kimberly,Beth,Elson,RE778149W,12/29/1988,HR
783,Lucy,,Elliott,DF856453D,6/10/1974,Commercial
784,Keith,,Elliott,LC228435T,2/19/1974,Commercial
785,Doris,,Ellerbrock,ZS127024N,5/12/1978,Customer Relations
786,Roger,,Eldridge,YS766649L,5/15/1968,Litigation
787,Ann,T.,Ecoffey,CP755821F,2/22/1991,Litigation
788,Mark,,Eaton,WE414210H,5/7/1975,HR
789,Neal,B.,Earls,PZ810341N,7/8/1967,Customer Relations
790,James,B.,Dyck,GB388339I,8/17/1978,Litigation
791,Jeff,,Dyck,MP194103T,2/26/1984,Customer Relations
792,Brenda,F.,Dusza,DI382137R,7/17/1981,Litigation
793,James,,Dusza,YK621797I,6/11/1992,Litigation
794,John,,Duncan,VE326081B,12/8/1974,Litigation
795,Valerie,M.,Dumitrascu,ZW782583V,1/26/1989,HR
796,Jay,,Duffy,BB825061S,9/23/1972,Commercial
797,Jeff,D.,Duff,TI189780P,2/22/1983,Customer Relations
798,Kari,,Duerr,JG495588H,2/27/1994,Litigation
799,Deena,J.,Dudenhoefer,GL336540P,5/2/1971,Commercial
800,Irene,J.,Dudenhoefer,EJ505250Z,6/1/1966,Litigation
801,Jésus,,D'sa,GO141612W,7/31/1979,Litigation
802,Pam,L.,D'sa,IK440255U,7/26/1972,Litigation
803,Cheryl,M.,Drury,UW728515J,2/8/1980,HR
804,Ronald,K.,Drury,YX806229A,12/29/1984,Commercial
805,Sidney,,Doyle,RD246294O,7/27/1982,Litigation
806,Onetha,F.,Donovan,FB251512J,12/11/1989,Customer Relations
807,Fran,P.,Dodd,HC067948R,3/15/1976,HR
808,Geneva,T.,Dockter,BF800568P,4/18/1979,HR
809,Andrew,R.,Dobney,UZ648312F,12/4/1980,HR
810,Reinout,,Dixon,MT187298G,3/5/1994,HR
811,Mike,,Dillon,EH397261N,7/2/1978,Litigation
812,Matthew,,Dievendorff,KS836548B,4/5/1967,HR
813,Nancy,E.,Dickson,KP204428K,10/13/1970,Customer Relations
814,Rose,,Dickmann,BJ153199L,5/19/1992,Customer Relations
815,Douglas,,Diaz,KN025786Z,6/30/1985,Customer Relations
816,David,,Diaz,HS954447G,3/4/1970,Commercial
817,Helge,,D'Hers,QQ560802N,7/29/1993,Commercial
818,Barbara,,D'Hers,HE681691D,7/4/1992,Commercial
819,Holly,J.,Desalvo,TV213613A,1/5/1966,Commercial
820,Bob,,Desai,AC970030M,6/15/1993,Customer Relations
821,Jean,J.,Dennis,NO225733Y,11/5/1972,Litigation
822,Michael,,Deniut,SH570958K,10/3/1966,Litigation
823,Eddie,M.,Dempsey,BR969054Z,2/9/1969,Commercial
824,Juanita,J.,Demott Jr,LI755980O,4/10/1994,Commercial
825,Peter,,Demicell,VY697974D,4/10/1966,Commercial
826,Curtis,P.,Delmarco,VF468674K,5/23/1994,Commercial
827,Joe,,Delaney,FW685358Z,8/8/1989,Commercial
828,Janice,K.,DeGrasse,RR188685G,4/25/1968,Commercial
829,George,M.,Decker,EL525798E,3/20/1971,HR
830,Joshua,J.,Decker,WC224166M,8/19/1988,HR
831,Arlene,,Deborde,AN736069K,4/1/1967,Customer Relations
832,Matthew,M.,Dean,VZ357211S,5/4/1967,HR
833,Phyllis,R.,De Oliveira,ET149956R,2/13/1988,Litigation
834,Lawrence,E.,De Matos Miranda Filho,JN968732S,11/27/1982,Litigation
835,Ryan,,Davis,TF676809I,4/28/1970,Commercial
836,Beth,,Danseglio,QM463053W,12/18/1982,Commercial
837,Lucio,,Danner,LM490865Z,5/30/1970,Litigation
838,Richard,L.,Curry,LR843216B,11/14/1966,Customer Relations
839,Erik,,Cunningham,ZX099596G,4/26/1976,Customer Relations
840,Denean,J.,Culp,FC014875O,1/1/1972,Commercial
841,Raman,,Culbertson,IT018247R,10/24/1973,Customer Relations
842,Bronson,R.,Culbertson,AZ374347Q,7/6/1994,Commercial
843,Eric,A.,Crow,KE802526X,5/30/1972,HR
844,Jodan,M.,Crow,LM135418L,1/31/1970,HR
845,Mary,,Creasey,AX703453S,4/3/1989,Customer Relations
846,David,,Creasey,AI591024I,5/14/1970,Customer Relations
847,Jay,,Cracium,UH776520F,3/6/1990,Commercial
848,Vance,P.,Cox,FO316351R,7/17/1966,Customer Relations
849,Joyce,,Costa Da Silva,KE074853A,10/10/1967,HR
850,George,,Cornelsen,MW642931F,8/11/1973,Customer Relations
851,Stephen,Yuan,Cornelsen,KR194855I,10/26/1986,HR
852,Samuel,A.,Coriell,OO572787W,4/25/1985,HR
853,Danielle,B.,Corets,CK833037Y,6/25/1969,Customer Relations
854,Greg,M.,Cooper,PM123228F,1/23/1989,HR
855,Barry,,Cook,XY968068P,7/17/1968,HR
856,Brian,,Cook,KF105193N,2/18/1982,Litigation
857,David,,Contreras,RG501059U,8/30/1983,HR
858,Willis,,Consentino,KB136018E,6/10/1970,Litigation
859,Tamara,,Conroy,QK162330V,4/10/1975,HR
860,Robert,E.,Conroy,KE257398W,7/19/1972,HR
861,Brannon,,Conner,UP872740N,5/15/1986,Commercial
862,Jean,,Connelly,TE233387G,6/20/1985,Litigation
863,Peggy,J.,Connelly,UM045442M,3/6/1977,Customer Relations
864,Diane,F.,Con,LO007221E,10/7/1985,Commercial
865,Scott,B.,Colvin,JW281852M,9/8/1979,Litigation
866,Sandra,T.,Colon,ZW865207Q,8/19/1985,Litigation
867,Wendy,,Collins,WA163658C,1/10/1988,Customer Relations
868,Sandeep,,Coleman,AK298338A,6/1/1977,Litigation
869,John,,Coleman,YI893189M,2/20/1992,Litigation
870,Lori,,Coleman,IP113283B,12/21/1969,Litigation
871,Judith,F.,Cole,UJ723813V,10/29/1989,HR
872,Kay,E.,Coffman,LY884468B,3/19/1969,Commercial
873,Sandeep,,Cobb,LM689875Q,2/19/1989,HR
874,Bonnie,,Cleary,IM191828V,12/6/1989,Customer Relations
875,Kendall,,Clayton,KX418740O,1/16/1987,HR
876,Victor,A.,Clark,US684119D,1/19/1985,HR
877,John,,Clark,OZ644238G,11/6/1968,Customer Relations
878,Robert,,Clark,DO524621K,7/21/1980,HR
879,Kevin,,Ciccu,KQ133163S,9/17/1969,HR
880,Mary,R.,Christie,YZ144934O,7/16/1982,Commercial
881,Alice,L.,Christensen,GJ076121J,12/13/1968,Commercial
882,Elizabeth,,Chow,XD841816V,10/24/1991,Litigation
883,Tammy,J.,Chor,IR678147B,6/22/1987,Customer Relations
884,Imtiaz,,Choin,WZ156686V,3/24/1993,Commercial
885,Karan,,Choi,HO238184W,1/12/1968,Commercial
886,Joe,,Chisholm,LF719247R,7/11/1990,Commercial
887,Jim,,Chestnut,RK232384R,6/1/1970,Litigation
888,Shane,S.,Chesnut,VD423369M,2/17/1993,Litigation
889,Tim,,Cheng,RL063476M,2/20/1975,HR
890,Russell,,Chen,GA402460T,12/29/1967,HR
891,Anton,,Chen,OK385207B,2/2/1992,Customer Relations
892,Christian,,Chen,UW393602N,4/8/1983,Customer Relations
893,Andrew,P.,Chen,UY643896M,1/21/1967,Litigation
894,Reed,,Charney,TV854222X,4/7/1974,Litigation
895,Jim,,Charncherngkha,JU956865B,12/24/1977,Commercial
896,Kirk,T,Chapman,WZ647942R,8/4/1992,Litigation
897,Eugene,,Chapla,ZX683853J,8/19/1972,HR
898,Scott,,Chandler,OX328246F,6/10/1975,Customer Relations
899,Joy,R.,Chambers,CV684919E,1/10/1979,HR
900,Pamala,M.,Chai,QL709817A,12/22/1970,Commercial
901,Edward,J.,Chai,ME435437Q,6/10/1967,Litigation
902,James,D.,Cetinok,UM023872S,12/10/1988,Commercial
903,Mitch,,Cetinok,VM053969Y,2/15/1966,HR
904,James,J.,Cereghino,IF220613S,4/4/1980,Commercial
905,Margaret,T.,Cencini,TO482675M,1/31/1966,HR
906,Deepak,,Cencini,OX158311Q,8/21/1974,HR
907,Jeffrey,B.,Cavendish,IF056926S,5/21/1977,Litigation
908,Vamsi,,Cavallari,DB432714W,4/23/1981,Commercial
909,Jeffrey,,Catalano,AQ148150X,3/26/1980,HR
910,Peter,,Casts,NQ383140R,11/10/1979,HR
911,Eric,,Castellucio,WC765821Z,8/23/1975,Customer Relations
912,Rebecca,,Carson,SC349301D,9/14/1975,Customer Relations
913,Cecilia,M.,Carroll,ZM898031P,5/1/1972,HR
914,David,O,Carroll,XS852290U,8/2/1990,Commercial
915,Elsa,,Carreras,VF539052Y,10/20/1976,Customer Relations
916,Michael,J.,Carothers,UB603502J,7/12/1992,Customer Relations
917,Marjorie,M.,Caron,DA834278G,10/23/1993,HR
918,Frank,,Caron,IK159056N,12/19/1986,Litigation
919,Mark,,Caro,BQ258853L,12/19/1984,Commercial
920,Robertson,,Carnes,VI274446E,4/29/1978,Litigation
921,Jolie,,Carmody,XI365525W,3/6/1983,Litigation
922,Roger,,Carmichael,WA985646F,8/19/1971,Commercial
923,A.,Francesca,Carlson,IL728204S,6/26/1978,Customer Relations
924,Bonnie,B.,Carlson,WF514416Y,3/9/1983,Litigation
925,Gloria,J.,Carlisle,VY053141P,3/9/1966,Litigation
926,Linda,,Carey,PF794037V,8/8/1981,HR
927,Steven,B.,Caprio,OM541147M,10/17/1966,Customer Relations
928,Judy,,Cao,NO855792E,3/22/1966,HR
929,Elsie,L.,Cao,AS352830K,1/4/1980,Customer Relations
930,George,Z.,Canuto,JV525400O,12/25/1970,Commercial
931,Yale,,Cantoni,QF169883C,11/2/1985,Commercial
932,Yan,,Cannon,WE165753R,1/26/1979,Litigation
933,Yuhong,,Campen,SJ528717O,11/9/1982,Litigation
934,Joseph,M.,Campbell,JX990558I,4/23/1994,Customer Relations
935,Paulo,H.,Campbell,GT865625Z,7/7/1988,Customer Relations
936,David,J.,Campbell,IH880086H,9/10/1985,HR
937,Jinghao,,Campbell,IK635005V,9/30/1971,Litigation
938,Kevin,,Campbell,JS228570S,3/17/1982,Customer Relations
939,Run,,Cameron,TQ181521Y,3/23/1991,Customer Relations
940,Todd,R.,Camargo,FS697858B,9/2/1967,HR
941,Kok-Ho,,Camacho,BA261071F,4/1/1993,Litigation
942,John,K.,Calone,VU573696S,8/28/1979,Commercial
943,Sharon,J.,Caldwell,WL602820P,10/30/1982,Commercial
944,Jeremy,,Caldwell,SJ090749B,5/29/1973,HR
945,Spencer,,Calafato,NK771265G,11/24/1976,Customer Relations
946,Anita,R.,Byrnes,GD494605E,7/7/1991,Litigation
947,Jose,,Byham,VT670988E,4/25/1978,Litigation
948,Richard,,Bustamante,DI889521J,4/8/1966,Commercial
949,Judy,R.,Buskirk,ST635352E,5/23/1984,Commercial
950,Sean,J.,Burton,VN846392I,8/22/1984,HR
951,Helen,R.,Burnett,XQ756683H,5/1/1983,Customer Relations
952,Robert,P.,Burnett,UR551658H,7/16/1991,Litigation
953,Sharon,F.,Burnell,UR700120A,2/17/1991,HR
954,Robert,,Burlacu,TL439044D,12/3/1978,Litigation
955,Jenny,,Burkhardt,BJ860680U,12/6/1966,Commercial
956,Denise,R.,Burkhardt,UL924672Z,12/26/1989,Customer Relations
957,Scott,,Burke,RK206518H,3/25/1966,Litigation
958,Walter,J.,Buensalido,LE054693Q,1/14/1977,Customer Relations
959,Patrick,J.,Bueno,LS746695K,9/26/1985,Litigation
960,Kimberly,N.,Bueno,VZ160570Z,7/14/1985,HR
961,Ajay,,Buchanan,UV418509O,12/23/1967,Litigation
962,Parul,,Bruno,FV446289V,3/19/1971,Customer Relations
963,Tomas,M.,Brunner,SM803694U,5/21/1990,Litigation
964,Kathy,R.,Bruner,EV048076R,10/24/1990,Litigation
965,Jill,K.,Brundage,DI509906L,2/11/1971,Litigation
966,Melissa,R.,Brummer,LG623710Q,10/7/1980,HR
967,Cecelia,L.,Brumfield,ZX829983H,12/28/1967,Commercial
968,Benjamin,,Browqett,KX456302E,8/11/1974,HR
969,Linda,,Browning,PL724712X,2/25/1969,Commercial
970,Mindy,,Browning,YE215497F,3/20/1981,Litigation
971,Sandra,I.,Browne,RD721847M,10/19/1974,Litigation
972,Frank,,Brown,JV723981A,5/24/1975,Litigation
973,Steve,,Brown,JK377589N,8/24/1983,Litigation
974,Joseph,,Brown,AN861031S,7/7/1976,Litigation
975,Jennifer,J.,Brown,UA638979X,8/18/1990,Commercial
976,Chris,,Brown,RM681582A,2/27/1968,Commercial
977,Sandra,B.,Brown,WN186115H,8/17/1991,HR
978,John,J.,Brown,MV263717P,11/23/1975,Customer Relations
979,Robin,M.,Brooks,RB728190V,9/4/1987,Commercial
980,Stacie,K.,Brooks,BX580197V,5/4/1971,Commercial
981,Katie,,Brink,WF224128L,1/31/1969,Commercial
982,Lola,M.,Brink,JT168113S,8/12/1990,Customer Relations
983,Jane,A.,Bright,TT202722S,9/5/1988,Commercial
984,Nikki,,Brian,UZ010997U,2/9/1969,Commercial
985,James,L.,Brewer,TA183359Y,4/26/1981,Commercial
986,Christinia,A.,Brewer,GH187818F,8/15/1989,HR
987,Alejandro,,Bremer,VN124206S,1/5/1971,Commercial
988,Yvonne,,Breer,XN189954Y,6/11/1977,Commercial
989,Nkenge,,Bready,WZ353182Z,2/25/1993,Customer Relations
990,Nancy,A.,Brandon,UW549803P,8/4/1970,Commercial
991,Nellie,T.,Bradley,FB422287L,2/29/1980,Customer Relations
992,Raquel,,Bradley,HV654442I,2/17/1967,Litigation
993,Gladys,F.,Bowman,XB291287E,8/10/1974,Litigation
994,R. Morgan,L.,Bowen,FZ317320H,10/22/1986,Commercial
995,Tosh,,Bourne,FF952930W,2/2/1968,HR
996,Susan,,Boseman,KZ107226M,12/27/1970,Litigation
997,Stephen,A.,Booth,DG021293A,1/26/1966,Litigation
998,Eric,B.,Bonifaz,FP686770D,3/26/1969,Litigation
999,Helen,M.,Bolender,YZ613280W,7/11/1968,Customer Relations
1000,Deanna,,Bohling,XF791882J,10/21/1980,HR
1001,Gary,P.,Bockenkamp,LR891147S,8/15/1990,Customer Relations
1002,Ramesh,,Blythe,XH540284A,10/28/1989,Customer Relations
1003,Thomas,R.,Blythe,AI303709A,3/31/1984,Litigation
1004,Jan,,Blanton,IX074472M,1/27/1991,HR
1005,Virginia,L.,Blanco,IN248635Z,4/22/1979,HR
1006,Matthew,J.,Blackwell,LF623527Z,11/27/1977,Customer Relations
1007,Emilo,R.,Black,VQ246873S,8/12/1971,Litigation
1008,Ben,,Bishop,BB587962A,2/3/1974,HR
1009,Dylan,,Bischoff,SX857465H,1/27/1973,Customer Relations
1010,Frank,,Bischoff,YR144881J,6/16/1989,HR
1011,Neva,M.,Billstrom,NX330647J,12/23/1985,Commercial
1012,Linda,,Bidelman,FD799139K,9/24/1969,HR
1013,Scott,,Berry,FY797443O,10/18/1970,Litigation
1014,Robert,,Berry,VA074920H,5/16/1976,Customer Relations
1015,Joseph,P.,Berndt,LX714569E,8/3/1968,Commercial
1016,Paula,B.,Berndt,DR741682K,2/10/1985,Customer Relations
1017,Suchitra,,Bernacchi,ZE210511L,7/11/1994,Customer Relations
1018,Jonathan,,Berglund,QA084613L,1/15/1993,Litigation
1019,William,J.,Berglund,UC704531S,6/21/1969,Litigation
1020,Alan,L.,Bergin,LK659526S,2/23/1971,Customer Relations
1021,Hillaine,N.,Berger,BC154116E,11/10/1989,Customer Relations
1022,Bobby,,Berger,RH133906P,6/24/1985,Litigation
1023,Barbara,,Berge,GP544921J,1/14/1978,HR
1024,Jon,,Berge,ZM866597F,3/17/1980,Customer Relations
1025,Julia,,Berg,JU017922L,9/4/1969,Commercial
1026,Marie,E.,Berch,YR499905A,9/2/1974,Customer Relations
1027,Zheng,,Bentley,NI569479U,1/21/1966,Customer Relations
1028,Salman,,Bent,JD898754E,4/15/1970,HR
1029,Albert,,Benson,KS343625P,12/20/1985,Litigation
1030,Stuart,,Benson,CR221678C,9/24/1984,Customer Relations
1031,Billie Jo,,Benson,OW917546K,6/4/1977,Customer Relations
1032,Dorothy,J.,Benshoof,IX229204A,2/23/1967,Litigation
1033,Ken,,Ben-Sachar,BO887838U,6/21/1991,Commercial
1034,Suzanne,,Bennetts,VJ792660P,11/27/1973,Litigation
1035,Mandar,,Bendixen,JH755017J,1/21/1989,HR
1036,Greg,F.,Belli,NN653935K,9/4/1987,Customer Relations
1037,Mike,,Beebe,FH022493D,1/2/1983,Commercial
1038,Lorraine,,Becker,FG639047J,10/19/1971,Commercial
1039,Alex,,Beck,AF578261T,5/2/1983,Commercial
1040,Jan,R.,Beck,XW382960K,9/27/1986,Customer Relations
1041,Amir,T.,Beaver,JF768233R,8/27/1992,Commercial
1042,Donals,E.,Beasley,TK435927A,3/14/1985,Commercial
1043,Toby,,Beanston,DP065739D,6/1/1981,HR
1044,Laura,,Bauer,HS412638E,11/11/1986,Litigation
1045,Fred,,Bates,CR699576J,1/14/1987,Customer Relations
1046,Michael,J,Barzdukas,SA881360K,11/1/1989,Litigation
1047,Tim,,Bartness,LI896647X,6/15/1984,Litigation
1048,Tina,Slone,Barreto de Mattos,MU996942W,9/21/1977,Customer Relations
1049,Robert,,Barrera,TV182411K,2/23/1977,Litigation
1050,Nino,E.,Barr,WG414704E,7/20/1971,Litigation
1051,Lee,M.,Barnhill,FH131668K,7/21/1983,Litigation
1052,Tad,,Barlow,DU366294R,5/21/1966,HR
1053,Gloria,B.,Barley,VM717752U,8/26/1976,Customer Relations
1054,Fred,A.,Barker,HX401751H,9/3/1989,Commercial
1055,John,E.,Barber,VT989834F,7/28/1973,Commercial
1056,David,J.,Barber,MU841638C,5/11/1975,Customer Relations
1057,Michiko,,Barbariol,TX266206L,4/2/1990,Commercial
1058,Stu,J.,Barbariol,MM689752O,9/27/1984,Commercial
1059,Scott,,Banks,AV791028H,9/12/1978,HR
1060,Lori,,Banack,KQ539299G,9/18/1991,Litigation
1061,Jyothi,,Baltazar,HR649932C,2/5/1977,Commercial
1062,Cristian,B.,Bales,EK460901R,8/1/1967,HR
1063,Mosha,M.,Baldwin,NI432785J,3/1/1972,Commercial
1064,Rajesh,M.,Baker,HB584272J,8/15/1978,HR
1065,Shyamalan,,Baker,JD076824W,10/6/1974,Commercial
1066,Michael,,Bailey,GI748086Y,9/15/1985,Litigation
1067,Trish,E.,Bacon,IN512801Y,10/19/1972,HR
1068,Frank,,Bacalzo,RB176810T,11/25/1982,Customer Relations
1069,Lionel,,Ayers,PG428849J,12/4/1978,Commercial
1070,Elizabeth,M.,Avalos,DV824214G,4/23/1986,HR
1071,John,,Ault,XP277438S,12/30/1978,Commercial
1072,Jonathan,,Atkinson,JS751002L,2/5/1993,Commercial
1073,Tina,A.,Ashton,LL165863M,11/25/1993,Commercial
1074,James,,Arthur,AM620445R,8/10/1979,HR
1075,Glin,J.,Armstrong,BV505093R,9/3/1976,Commercial
1076,Sara,E.,Arifin,CU788128J,4/5/1971,Customer Relations
1077,Carol,,Arbelaez,ZU368404J,3/9/1973,Commercial
1078,Patricia,B.,Arakawa,QN395871O,2/22/1975,Litigation
1079,Pat,R.,Appelbaum,SJ107993Z,6/17/1991,HR
1080,Paulo,Sergio Da Silva,Antrim,MU097165J,5/2/1968,Customer Relations
1081,Deborah,,Ansman-Wolfe,ON373634S,3/26/1969,Litigation
1082,Grigory,,Anderson,GC457475Q,12/27/1968,Commercial
1083,Carole,,Anderson,RA125723O,10/14/1985,Customer Relations
1084,Cheryl,J.,Amland,YZ497319A,4/3/1980,HR
1085,Alma,B.,Alvaro,EJ553325Y,10/7/1976,Commercial
1086,Ethel,J.,Alvarado,JA161709X,5/18/1970,Commercial
1087,Constance,J.,Altman,KE915068W,8/18/1971,HR
1088,Josh,,Altamirano,ES772616C,6/13/1984,Commercial
1089,Betty,J.,Alpuerto,NG301722N,10/13/1974,HR
1090,Fred,,Allison,MQ557597G,10/9/1992,HR
1091,Jeff,,Allen,YW478848G,11/7/1969,HR
1092,Milton,M.,Allen,QI134045B,10/5/1981,HR
1093,Sean,,Allen,KC306554M,5/13/1985,Commercial
1094,Monica,L.,Alexander,XJ825742U,4/21/1985,Litigation
1095,Mary Lou,M.,Alexander,DM082011M,10/5/1991,Litigation
1096,Kim,,Alexander,AP049753J,8/6/1989,Commercial
1097,Susan,J.,Alexander,JD958116O,1/19/1987,Commercial
1098,Cynthia,,Alderson,TP116287K,4/23/1992,Litigation
1099,Arvind,B.,Alderson,ML613989G,12/8/1990,Customer Relations
1100,Simon,,Alcorn,LX080975A,10/16/1986,Litigation
1101,Michael,S,Albury,SE145161N,10/4/1992,HR
1102,Suzann,K.,Albright,RP553097L,10/10/1991,Commercial
1103,Michelle,B.,Alberts,OE631420L,1/19/1993,Customer Relations
1104,Jamie,,Alberts,QO985670B,6/27/1969,Commercial
1105,Russell,A.,Alan,TP314175K,4/26/1967,Litigation
1106,Celine,J.,Alameda,UK312464V,5/16/1966,HR
1107,Randy,,Akers,LA397514Z,12/10/1971,HR
1108,Enoch,T,Ajenstat,NY676241F,4/10/1971,HR
1109,Eric,E.,Ahlering,JR196700H,6/15/1983,Customer Relations
1110,Adam,J.,Aguilar,QQ130563H,8/24/1980,Litigation
1111,Constance,J.,Agcaoili,JB960121P,4/9/1990,Commercial
1112,Albert,A.,Adina,LK925456I,1/21/1986,Commercial
1113,Dave,,Adams,WU016196Y,6/22/1979,Commercial
1114,Jack,S.,Adams,BF905632C,10/11/1967,Commercial
1115,Marie,M.,Adams,VU913041W,11/15/1975,Litigation
1116,William,J.,Adams,VY916184H,8/21/1992,Commercial
1117,Thomas,M.,Ackerman,HW595440V,11/18/1965,HR
1118,Stacy,K.,Ackerman,VB341260T,3/24/1984,Commercial
1119,Leota,J.,Achong,UJ873177L,9/17/1974,Customer Relations
1120,David,R.,Acevedo,YS216887A,4/6/1968,Litigation
1121,Rebecca,A.,Abolrous,QE008112N,4/11/1986,Litigation
1122,Dorothy,B.,Abercrombie,GC061426F,3/11/1978,Commercial
1123,Carol Ann,F.,Abercrombie,EY698063H,1/21/1976,HR
1124,Scott,M.,Abel,TV478283E,10/15/1980,Commercial
1125,Jim,,Abbas,NA743391L,11/18/1980,HR
